Year,Country,Happiness,GDP_Per_Capita
2024,Finland,7.736,53188.61862
2023,Afghanistan,1.721,413.7578947
2022,Afghanistan,1.859,357.2611528
2021,Afghanistan,2.404,356.4962141
2020,Afghanistan,2.523,510.7870634
2019,Afghanistan,2.567,496.6025043
2018,Afghanistan,3.203,491.3372214
2017,Afghanistan,3.632,525.4697709
2016,Afghanistan,3.794,522.0822156
2015,Afghanistan,3.36,565.5697304
2014,Afghanistan,3.575,625.0549418
2012,Afghanistan,4.04,651.4171345
2011,Afghanistan,4.258,606.6946763
2024,Denmark,7.521,71851.75621
2023,Albania,5.304,8575.171346
2022,Albania,5.277,6846.426694
2021,Albania,5.199,6413.282808
2020,Albania,5.117,5370.7775
2019,Albania,4.883,5460.430509
2018,Albania,4.719,5365.488802
2017,Albania,4.586,4614.047969
2016,Albania,4.644,4168.375445
2015,Albania,4.655,3981.726623
2014,Albania,4.959,4602.230514
2012,Albania,5.55,4222.347099
2011,Albania,5.134,4465.709143
2024,Iceland,7.515,82703.85799
2023,Algeria,5.364,5364.02795
2022,Algeria,5.329,4961.552577
2021,Algeria,5.122,4160.559267
2020,Algeria,4.887,3743.541952
2019,Algeria,5.005,4468.453419
2018,Algeria,5.211,4577.210292
2017,Algeria,5.295,4554.66754
2016,Algeria,5.872,4424.98529
2015,Algeria,6.355,4685.059027
2014,Algeria,5.605,6094.693923
2012,Algeria,5.422,6033.648847
2011,Algeria,5.368,5916.313644
2017,Angola,3.795,2437.259712
2016,Angola,3.795,1807.952941
2015,Angola,3.866,3213.902611
2014,Angola,4.033,5005.999741
2012,Angola,5.589,5086.027401
2011,Angola,4.178,4615.910598
2024,Sweden,7.345,57723.2345
2023,Argentina,6.188,14187.48273
2022,Argentina,6.024,13935.68111
2021,Argentina,5.967,10738.01792
2020,Argentina,5.929,8535.59938
2019,Argentina,5.975,9955.974787
2018,Argentina,6.086,11752.79989
2017,Argentina,6.388,14532.50093
2016,Argentina,6.599,12699.96231
2015,Argentina,6.65,13679.6265
2014,Argentina,6.574,12233.14441
2012,Argentina,6.562,12949.71749
2011,Argentina,6.242,12704.28318
2024,Netherlands,7.306,68218.7261
2023,Armenia,5.455,8125.273958
2022,Armenia,5.342,6571.974455
2021,Armenia,5.399,4685.179971
2020,Armenia,5.283,4268.680933
2019,Armenia,4.677,4597.228874
2018,Armenia,4.559,4196.005623
2017,Armenia,4.321,3869.053739
2016,Armenia,4.376,3524.424769
2015,Armenia,4.36,3512.393503
2014,Armenia,4.35,3852.118006
2012,Armenia,4.316,3511.563997
2011,Armenia,4.474,3349.553098
2024,Costa Rica,7.274,18587.15322
2023,Australia,7.057,64835.91998
2022,Australia,7.095,64997.01365
2021,Australia,7.162,60607.77886
2020,Australia,7.183,51791.54018
2019,Australia,7.223,54972.70179
2018,Australia,7.228,57196.42208
2017,Australia,7.272,53901.71454
2016,Australia,7.284,49888.04108
2015,Australia,7.313,56739.02653
2014,Australia,7.284,62544.08738
2012,Australia,7.35,68072.87323
2011,Australia,7.345,62605.60046
2024,Norway,7.262,86809.72469
2023,Austria,6.905,56033.57379
2022,Austria,7.097,52176.66491
2021,Austria,7.163,53648.71907
2020,Austria,7.268,48716.40989
2019,Austria,7.294,49885.99474
2018,Austria,7.246,51194.07498
2017,Austria,7.139,47163.74258
2016,Austria,7.006,45061.49939
2015,Austria,7.119,43915.22802
2014,Austria,7.2,51314.97226
2012,Austria,7.369,48250.40591
2011,Austria,7.227,51116.89535
2024,Israel,7.234,54176.68444
2023,Azerbaijan,4.893,7133.02838
2021,Azerbaijan,5.173,5408.045352
2020,Azerbaijan,5.171,4229.910649
2019,Azerbaijan,5.165,4805.753718
2018,Azerbaijan,5.208,4739.794312
2017,Azerbaijan,5.201,4147.198142
2016,Azerbaijan,5.234,3880.685228
2015,Azerbaijan,5.291,5500.503646
2014,Azerbaijan,5.212,7890.840281
2012,Azerbaijan,4.604,7495.865277
2011,Azerbaijan,4.582,7189.818692
2024,Luxembourg,7.122,137516.5873
2023,Bahrain,5.959,29290.12842
2022,Bahrain,6.173,30470.52193
2021,Bahrain,6.647,27147.80839
2020,Bahrain,6.647,24342.84446
2019,Bahrain,6.227,27259.74386
2018,Bahrain,6.199,26324.40665
2017,Bahrain,6.105,24784.76935
2016,Bahrain,6.087,23800.00144
2015,Bahrain,6.218,23734.05511
2014,Bahrain,5.96,26451.79656
2012,Bahrain,5.312,26438.67332
2011,Bahrain,5.568,25032.78677
2024,Mexico,6.979,14157.94458
2023,Bangladesh,3.886,2551.017738
2022,Bangladesh,4.282,2716.485928
2021,Bangladesh,5.155,2482.849178
2020,Bangladesh,5.025,2248.850788
2019,Bangladesh,4.833,2129.79897
2018,Bangladesh,4.456,1965.243727
2017,Bangladesh,4.5,1811.082217
2016,Bangladesh,4.608,1649.283809
2015,Bangladesh,4.643,1224.386477
2014,Bangladesh,4.694,1094.461997
2012,Bangladesh,4.804,859.6805364
2011,Bangladesh,4.807,837.3369447
2021,Belarus,5.821,7489.718947
2020,Belarus,5.534,6542.8558
2019,Belarus,5.54,6837.773396
2018,Belarus,5.323,6360.037502
2017,Belarus,5.483,5785.544919
2016,Belarus,5.569,5039.775609
2015,Belarus,5.802,5967.055951
2014,Belarus,5.813,8341.318093
2012,Belarus,5.504,6953.215917
2011,Belarus,5.566,6527.659343
2024,Australia,6.974,64407.48426
2023,Belgium,6.894,54690.09427
2022,Belgium,6.859,50822.25185
2021,Belgium,6.805,51658.23829
2020,Belgium,6.834,45906.28758
2019,Belgium,6.864,46716.62275
2018,Belgium,6.923,47487.21004
2017,Belgium,6.927,44035.32394
2016,Belgium,6.891,41854.54983
2015,Belgium,6.929,40893.80454
2014,Belgium,6.937,47995.7787
2012,Belgium,6.967,44874.17092
2011,Belgium,7.113,47760.82988
2024,New Zealand,6.952,48747.01369
2017,Belize,5.956,6072.582676
2016,Belize,5.956,6142.498732
2015,Belize,5.956,6154.495935
2011,Belize,6.451,5582.221706
2024,Switzerland,6.935,103669.872
2023,Benin,4.377,1394.177847
2022,Benin,4.374,1266.42711
2021,Benin,4.623,1318.651581
2020,Benin,5.045,1200.194266
2019,Benin,5.216,1130.821353
2018,Benin,4.883,1151.74097
2017,Benin,4.141,1054.974081
2016,Benin,3.657,1010.533896
2015,Benin,3.484,1002.418869
2014,Benin,3.34,1204.399187
2012,Benin,3.528,1071.525837
2011,Benin,3.493,1059.413589
2018,Bhutan,5.082,3400.204172
2017,Bhutan,5.082,3435.288047
2016,Bhutan,5.011,3152.309051
2015,Bhutan,5.196,2954.040819
2014,Bhutan,5.253,2849.499986
2024,Belgium,6.91,55954.61063
2023,Bolivia,5.784,3686.279964
2022,Bolivia,5.684,3643.92827
2021,Bolivia,5.6,3384.844865
2020,Bolivia,5.716,3099.942191
2019,Bolivia,5.747,3503.896011
2018,Bolivia,5.779,3500.726422
2017,Bolivia,5.752,3306.303012
2016,Bolivia,5.823,3035.873477
2015,Bolivia,5.822,2996.012898
2014,Bolivia,5.89,3041.435032
2012,Bolivia,5.857,2575.598571
2011,Bolivia,5.633,2315.521219
2024,Ireland,6.889,107316.3373
2023,Bosnia and Herzegovina,5.877,8663.02323
2022,Bosnia and Herzegovina,5.633,7655.59421
2021,Bosnia and Herzegovina,5.768,7295.343824
2020,Bosnia and Herzegovina,5.813,6130.311332
2019,Bosnia and Herzegovina,5.674,6122.375345
2018,Bosnia and Herzegovina,5.386,6047.845843
2017,Bosnia and Herzegovina,5.129,5345.019855
2016,Bosnia and Herzegovina,5.182,4928.566525
2015,Bosnia and Herzegovina,5.163,4662.258837
2014,Bosnia and Herzegovina,4.949,5206.065583
2012,Bosnia and Herzegovina,4.813,4693.788991
2011,Bosnia and Herzegovina,4.857,4982.693758
2024,Lithuania,6.829,29386.28784
2023,Botswana,3.383,7826.353765
2022,Botswana,3.435,8328.709057
2021,Botswana,3.471,7807.887945
2020,Botswana,3.467,6323.297498
2019,Botswana,3.479,7172.089565
2018,Botswana,3.488,7407.959401
2017,Botswana,3.59,7104.964011
2016,Botswana,3.766,6749.059943
2015,Botswana,3.974,6141.203947
2014,Botswana,4.332,7122.364234
2012,Botswana,3.97,6595.53845
2011,Botswana,4.581,7287.382953
2024,Austria,6.81,56833.19605
2023,Brazil,6.272,10377.58928
2022,Brazil,6.125,9281.333344
2021,Brazil,6.293,7972.53665
2020,Brazil,6.33,7074.193783
2019,Brazil,6.376,9029.833267
2018,Brazil,6.3,9300.661649
2017,Brazil,6.419,10080.50928
2016,Brazil,6.635,8836.286527
2015,Brazil,6.952,8936.196617
2014,Brazil,6.983,12274.99397
2012,Brazil,6.849,12521.72135
2011,Brazil,6.697,13396.62436
2024,Canada,6.803,54282.61761
2023,Bulgaria,5.463,15883.86185
2022,Bulgaria,5.466,13999.67192
2021,Bulgaria,5.371,12972.21734
2020,Bulgaria,5.266,10769.94757
2019,Bulgaria,5.102,10372.80443
2018,Bulgaria,5.011,9872.385078
2017,Bulgaria,4.933,8696.689304
2016,Bulgaria,4.714,7822.499233
2015,Bulgaria,4.217,7268.654455
2014,Bulgaria,4.218,8069.600057
2012,Bulgaria,3.981,7431.957895
2011,Bulgaria,3.889,7849.580613
2024,Slovenia,6.792,34089.35277
2023,Burkina Faso,4.548,882.6898101
2022,Burkina Faso,4.638,836.1183046
2021,Burkina Faso,4.67,895.5352884
2020,Burkina Faso,4.834,825.2370388
2019,Burkina Faso,4.769,764.8530778
2018,Burkina Faso,4.587,777.4656185
2017,Burkina Faso,4.424,709.0915359
2016,Burkina Faso,4.032,663.7423648
2015,Burkina Faso,3.739,630.1247508
2014,Burkina Faso,3.587,764.8616751
2012,Burkina Faso,4.259,731.4701389
2011,Burkina Faso,3.926,725.0247677
2020,Burundi,3.775,210.0081399
2019,Burundi,3.775,210.2364945
2018,Burundi,3.775,224.8993924
2017,Burundi,2.905,236.6944726
2016,Burundi,2.905,235.2862054
2015,Burundi,2.905,280.9668313
2014,Burundi,2.906,250.5404811
2012,Burundi,3.706,231.6884964
2011,Burundi,3.678,230.0705774
2024,Czechia,6.775,31706.62342
2023,Cambodia,4.341,2429.748535
2022,Cambodia,4.393,2325.0305
2021,Cambodia,4.64,2167.403242
2020,Cambodia,4.83,2081.739142
2019,Cambodia,4.848,2225.877055
2018,Cambodia,4.7,2036.673776
2017,Cambodia,4.433,1826.353917
2016,Cambodia,4.168,1675.195557
2015,Cambodia,3.907,1547.320104
2014,Cambodia,3.819,1431.563965
2012,Cambodia,4.067,1192.80263
2011,Cambodia,4.101,1088.981528
2024,United Arab Emirates,6.759,49377.56434
2023,Cameroon,4.874,1736.860911
2022,Cameroon,4.973,1604.87727
2021,Cameroon,5.048,1672.326573
2020,Cameroon,5.142,1555.603707
2019,Cameroon,5.085,1555.226605
2018,Cameroon,5.044,1610.696416
2017,Cameroon,4.975,1496.089518
2016,Cameroon,4.695,1441.720173
2015,Cameroon,4.513,1415.000097
2014,Cameroon,4.252,1649.443391
2012,Cameroon,4.42,1449.098744
2011,Cameroon,4.376,1513.96057
2024,Germany,6.753,55800.21945
2023,Canada,6.9,54220.3285
2022,Canada,6.961,56256.80073
2021,Canada,7.025,52886.66164
2020,Canada,7.103,43537.8393
2019,Canada,7.232,46352.86934
2018,Canada,7.278,46539.17616
2017,Canada,7.328,45129.62812
2016,Canada,7.316,42314.06158
2015,Canada,7.404,43594.1941
2014,Canada,7.427,50960.84312
2012,Canada,7.477,52670.34473
2011,Canada,7.499,52223.85884
2019,Central African Republic,3.476,449.2284676
2018,Central African Republic,3.083,455.2439629
2017,Central African Republic,3.083,432.3240257
2016,Central African Republic,2.693,387.1762034
2014,Central African Republic,3.678,409.850486
2012,Central African Republic,3.623,544.3958491
2011,Central African Republic,3.568,534.0572815
2024,United Kingdom,6.728,52636.78659
2023,Chad,4.471,989.058529
2022,Chad,4.397,966.0364683
2021,Chad,4.251,946.3585002
2020,Chad,4.355,866.9478149
2019,Chad,4.423,893.3364416
2018,Chad,4.35,948.6566299
2017,Chad,4.301,854.4612004
2016,Chad,3.936,861.8317676
2015,Chad,3.763,993.9907306
2014,Chad,3.667,1278.789814
2012,Chad,4.056,1354.343447
2011,Chad,3.919,1308.142187
2024,United States,6.724,85809.90038
2023,Chile,6.36,17067.03648
2022,Chile,6.334,15405.61658
2021,Chile,6.172,16206.83255
2020,Chile,6.172,13114.81547
2019,Chile,6.228,14495.71672
2018,Chile,6.444,15659.48087
2017,Chile,6.476,14879.90862
2016,Chile,6.652,13649.85205
2015,Chile,6.705,13433.9203
2014,Chile,6.67,14529.67672
2012,Chile,6.587,15241.907
2011,Chile,6.128,14487.39278
2024,Belize,6.711,8429.679597
2023,China,5.973,12951.17824
2022,China,5.818,12970.60564
2021,China,5.585,12887.43572
2020,China,5.339,10627.4638
2019,China,5.124,10342.90095
2018,China,5.191,10085.66381
2017,China,5.246,8979.676527
2016,China,5.273,8254.868593
2015,China,5.245,8175.332851
2014,China,5.14,7781.065975
2012,China,4.978,6405.057424
2011,China,4.68,5703.76028
2024,Poland,6.673,25022.67164
2023,Colombia,5.695,7000.836605
2022,Colombia,5.63,6680.445069
2021,Colombia,5.781,6222.621644
2020,Colombia,6.012,5339.687114
2019,Colombia,6.163,6472.545449
2018,Colombia,6.125,6816.968183
2017,Colombia,6.26,6479.532313
2016,Colombia,6.357,5959.842504
2015,Colombia,6.481,6248.514905
2014,Colombia,6.477,8187.208249
2012,Colombia,6.416,8108.598382
2011,Colombia,6.202,7400.99407
2023,Comoros,3.566,1682.202851
2022,Comoros,3.545,1533.877553
2021,Comoros,4.609,1587.729886
2020,Comoros,4.289,1527.169909
2019,Comoros,4.289,1519.263863
2018,Comoros,3.973,1540.711323
2015,Comoros,3.956,1329.370481
2014,Comoros,3.956,1615.717185
2012,Comoros,3.851,1490.314257
2011,Comoros,3.7,1531.439693
2024,Uruguay,6.661,23906.5133
2024,Kosovo,6.659,7299.434981
2023,Costa Rica,6.955,16942.02681
2022,Costa Rica,6.609,13625.90085
2021,Costa Rica,6.582,12838.11854
2020,Costa Rica,7.069,12394.0494
2019,Costa Rica,7.121,12884.686
2018,Costa Rica,7.167,12590.24938
2017,Costa Rica,7.072,12317.09028
2016,Costa Rica,7.079,12091.03016
2015,Costa Rica,7.087,11714.7106
2014,Costa Rica,7.226,10911.49788
2012,Costa Rica,7.257,10126.9991
2011,Costa Rica,7.251,9276.391075
2024,Kuwait,6.629,32213.86223
2024,Serbia,6.606,13523.72468
2023,Croatia,5.942,21865.45628
2022,Croatia,6.125,18466.09555
2021,Croatia,6.125,17789.93047
2020,Croatia,5.882,14808.46202
2019,Croatia,5.505,15563.81674
2018,Croatia,5.432,15460.41833
2017,Croatia,5.321,13902.63105
2016,Croatia,5.293,12821.17381
2015,Croatia,5.488,12285.30326
2014,Croatia,5.759,14187.96945
2012,Croatia,5.661,13508.6837
2011,Croatia,5.623,14694.99932
2011,Cuba,5.418,6104.461052
2024,Saudi Arabia,6.6,35057.22523
2023,Cyprus,6.068,36551.41797
2022,Cyprus,6.13,33894.44922
2021,Cyprus,6.221,33734.03516
2020,Cyprus,6.223,28649.01563
2019,Cyprus,6.159,29703.05273
2018,Cyprus,6.046,29599.98633
2017,Cyprus,5.762,26696.99023
2016,Cyprus,5.621,24715.1543
2015,Cyprus,5.546,23487.22852
2014,Cyprus,5.689,27244.35156
2012,Cyprus,6.466,28991.93555
2011,Cyprus,6.416,32485.79688
2024,France,6.593,46150.48769
2023,Czechia,6.822,31591.05682
2022,Czechia,6.845,28282.22367
2021,Czechia,6.92,27696.46195
2020,Czechia,6.965,23472.89155
2019,Czechia,6.911,24062.719
2018,Czechia,6.852,23705.93298
2017,Czechia,6.711,20913.19763
2016,Czechia,6.609,18753.96867
2015,Czechia,6.596,17931.59877
2014,Czechia,6.505,20038.41632
2012,Czechia,6.29,20014.0354
2011,Czechia,6.36,22049.10808
2024,Singapore,6.565,90674.06663
2023,Denmark,7.583,68453.87693
2022,Denmark,7.586,68091.31911
2021,Denmark,7.636,69727.98737
2020,Denmark,7.62,60985.48856
2019,Denmark,7.646,59404.26632
2018,Denmark,7.6,61324.7665
2017,Denmark,7.555,57521.5515
2016,Denmark,7.522,54500.92604
2015,Denmark,7.526,53094.01336
2014,Denmark,7.527,62520.45097
2012,Denmark,7.693,58443.77471
2011,Denmark,7.856,61809.7379
2014,Djibouti,4.369,2214.620841
2012,Djibouti,4.69,1400.193579
2011,Djibouti,4.957,1306.345528
2024,Romania,6.563,20072.40792
2023,Dominican Republic,5.823,10630.43174
2022,Dominican Republic,5.569,10104.24493
2021,Dominican Republic,5.737,8527.075486
2020,Dominican Republic,5.545,7135.222733
2019,Dominican Republic,5.689,8183.016236
2018,Dominican Republic,5.425,7882.982216
2017,Dominican Republic,5.302,7412.715716
2016,Dominican Republic,5.23,7160.44201
2015,Dominican Republic,5.155,6800.953094
2014,Dominican Republic,4.885,6496.45167
2012,Dominican Republic,4.963,6013.81965
2011,Dominican Republic,5.036,5826.510141
2024,Brazil,6.494,10280.31486
2024,El Salvador,6.492,5579.659692
2023,Ecuador,5.725,6737.847484
2022,Ecuador,5.559,6515.585284
2021,Ecuador,5.533,6061.323502
2020,Ecuador,5.764,5463.645153
2019,Ecuador,5.925,6205.057652
2018,Ecuador,6.028,6303.918867
2017,Ecuador,5.973,6233.322448
2016,Ecuador,6.008,5917.637713
2015,Ecuador,5.976,5976.159681
2014,Ecuador,5.975,6405.799793
2012,Ecuador,5.865,5634.083932
2011,Ecuador,5.425,5153.691642
2024,Spain,6.466,35297.0095
2024,Estonia,6.417,31170.09151
2023,El Salvador,6.469,5365.444914
2022,El Salvador,6.122,5074.602102
2021,El Salvador,6.12,4642.607431
2020,El Salvador,6.061,3997.192796
2019,El Salvador,6.348,4320.116715
2018,El Salvador,6.253,4183.54621
2017,El Salvador,6.167,4020.126714
2016,El Salvador,6.003,3901.34015
2015,El Salvador,6.068,3790.340891
2014,El Salvador,6.13,3666.012489
2012,El Salvador,5.809,3497.912569
2011,El Salvador,5.956,3330.600495
2024,Italy,6.415,40226.04724
2023,Estonia,6.448,30133.30445
2022,Estonia,6.455,28451.14778
2021,Estonia,6.341,27953.76702
2020,Estonia,6.189,23933.99394
2019,Estonia,6.022,24021.25014
2018,Estonia,5.893,23618.13613
2017,Estonia,5.739,20851.52235
2016,Estonia,5.611,18666.37365
2015,Estonia,5.517,17722.15577
2014,Estonia,5.429,20581.7899
2012,Estonia,5.426,17568.2138
2011,Estonia,5.33,17555.54552
2024,Panama,6.407,19102.85219
2023,Eswatini,3.502,3741.690107
2021,Eswatini,4.396,3966.298633
2024,Argentina,6.397,13858.20398
2022,Ethiopia,4.091,1011.073324
2021,Ethiopia,4.241,910.9478871
2020,Ethiopia,4.275,905.3131593
2019,Ethiopia,4.186,828.7090805
2018,Ethiopia,4.286,747.9680037
2017,Ethiopia,4.35,745.6324339
2016,Ethiopia,4.46,696.1960848
2015,Ethiopia,4.508,621.8456738
2014,Ethiopia,4.512,549.9865771
2012,Ethiopia,4.561,452.1010319
2011,Ethiopia,4.064,343.0249424
2024,Kazakhstan,6.378,14005.34874
2023,Finland,7.741,52821.51143
2022,Finland,7.804,50440.56022
2021,Finland,7.821,53099.13514
2020,Finland,7.842,48828.68469
2019,Finland,7.809,48358.18078
2018,Finland,7.769,49654.2497
2017,Finland,7.632,46085.01747
2016,Finland,7.469,43451.25624
2015,Finland,7.413,42560.34568
2014,Finland,7.406,50073.77608
2012,Finland,7.389,47551.67408
2011,Finland,7.579,51060.32426
2024,Guatemala,6.362,6150.025978
2023,France,6.609,44690.93454
2022,France,6.661,41082.81193
2021,France,6.687,43725.09995
2020,France,6.69,39169.8606
2019,France,6.664,40408.28486
2018,France,6.592,41418.17665
2017,France,6.489,38687.16264
2016,France,6.442,37024.21571
2015,France,6.478,36702.43237
2014,France,6.575,43148.04593
2012,France,6.764,40863.58144
2011,France,6.746,43929.78409
2024,Chile,6.361,16709.8894
2023,Gabon,5.106,8071.397774
2022,Gabon,5.035,8409.207415
2021,Gabon,4.958,8181.409141
2020,Gabon,4.852,6605.803461
2019,Gabon,4.829,7441.178647
2018,Gabon,4.799,7624.277523
2017,Gabon,4.758,6921.733731
2016,Gabon,4.465,6677.070039
2015,Gabon,4.121,7047.126546
2014,Gabon,3.896,9201.362766
2012,Gabon,4.114,9296.965879
2024,Viet Nam,6.352,4717.290287
2024,Nicaragua,6.33,2847.539663
2023,Georgia,5.185,8283.669607
2022,Georgia,5.109,6729.846599
2021,Georgia,4.973,5083.606955
2020,Georgia,4.891,4300.857013
2019,Georgia,4.673,4741.283272
2018,Georgia,4.519,4804.054604
2017,Georgia,4.34,4418.752065
2016,Georgia,4.286,4143.401257
2015,Georgia,4.252,4086.622347
2014,Georgia,4.297,4830.334862
2012,Georgia,4.187,4530.695334
2011,Georgia,3.892,4119.668183
2024,Malta,6.316,42347.30739
2023,Germany,6.719,53940.40734
2022,Germany,6.892,49686.11546
2021,Germany,7.034,52265.65416
2020,Germany,7.155,47379.76519
2019,Germany,7.076,47623.86561
2018,Germany,6.985,48874.8595
2017,Germany,6.965,45526.59996
2016,Germany,6.951,42961.03569
2015,Germany,6.994,41911.01099
2014,Germany,6.75,48971.08247
2012,Germany,6.672,44735.58823
2011,Germany,6.572,47646.58204
2024,Thailand,6.222,7345.13569
2023,Ghana,4.289,2383.904105
2022,Ghana,4.605,2229.891226
2021,Ghana,4.872,2445.186625
2020,Ghana,5.088,2195.454817
2019,Ghana,5.148,2186.658227
2018,Ghana,4.996,2195.32166
2017,Ghana,4.657,2012.286626
2016,Ghana,4.12,1912.479913
2015,Ghana,4.276,1722.772828
2014,Ghana,4.633,1949.908329
2012,Ghana,5.091,1543.775242
2011,Ghana,4.705,1507.435732
2023,Greece,5.934,23400.72788
2022,Greece,5.931,20971.83493
2021,Greece,5.948,20654.7002
2020,Greece,5.723,17886.73317
2019,Greece,5.515,19335.3602
2018,Greece,5.287,19873.40152
2017,Greece,5.358,18631.99301
2016,Greece,5.227,17919.24264
2015,Greece,5.033,17980.72982
2014,Greece,4.857,21474.72571
2012,Greece,5.435,21624.34605
2011,Greece,6.133,25504.78665
2024,Latvia,6.207,23367.59868
2023,Guatemala,6.287,5758.308763
2022,Guatemala,6.15,5358.701275
2021,Guatemala,6.262,4912.622257
2020,Guatemala,6.435,4477.617618
2019,Guatemala,6.399,4511.997552
2018,Guatemala,6.436,4352.946518
2017,Guatemala,6.382,4324.996082
2016,Guatemala,6.454,4060.13755
2015,Guatemala,6.324,3893.505221
2014,Guatemala,6.123,3689.144718
2012,Guatemala,5.965,3286.619593
2011,Guatemala,6.277,3168.983706
2024,Oman,6.197,20248.41681
2023,Guinea,5.023,1555.493758
2022,Guinea,5.072,1416.59612
2021,Guinea,4.891,1244.965505
2020,Guinea,4.984,1053.660977
2019,Guinea,4.949,1031.341465
2018,Guinea,4.534,933.2736156
2017,Guinea,3.964,833.5986217
2016,Guinea,3.507,711.9965098
2015,Guinea,3.607,747.3569668
2014,Guinea,3.656,765.1469994
2012,Guinea,3.847,699.3533772
2011,Guinea,4.171,636.6949587
2011,Guyana,5.993,4947.221706
2020,Haiti,3.615,1290.325387
2019,Haiti,3.721,1352.172042
2018,Haiti,3.597,1496.38049
2017,Haiti,3.582,1395.239452
2016,Haiti,3.603,1318.402682
2015,Haiti,4.028,1411.126847
2014,Haiti,4.518,1460.188986
2012,Haiti,4.341,1361.393966
2011,Haiti,3.789,1312.039536
2024,Uzbekistan,6.193,3161.700106
2023,Honduras,5.968,3227.457625
2022,Honduras,6.023,3003.289968
2021,Honduras,6.022,2735.147515
2020,Honduras,5.919,2307.614943
2019,Honduras,5.953,2502.327443
2018,Honduras,5.86,2464.642415
2017,Honduras,5.504,2413.007656
2016,Honduras,5.181,2307.344684
2015,Honduras,4.871,2271.20266
2014,Honduras,4.788,2179.88172
2012,Honduras,5.142,2126.034747
2011,Honduras,5.564,2073.661211
2024,Paraguay,6.172,6416.09709
2024,Japan,6.147,32475.8925
2023,Hungary,6.017,22312.17903
2022,Hungary,6.041,18483.63669
2021,Hungary,6.086,19030.62813
2020,Hungary,5.992,16386.93088
2019,Hungary,6.0,17012.85986
2018,Hungary,5.758,16605.05705
2017,Hungary,5.62,14736.16682
2016,Hungary,5.324,13215.86053
2015,Hungary,5.145,12782.94126
2014,Hungary,4.8,14352.50188
2012,Hungary,4.775,12950.15945
2011,Hungary,4.943,14211.46056
2024,Bosnia and Herzegovina,6.136,8957.372942
2023,Iceland,7.525,79960.09615
2022,Iceland,7.53,75121.01523
2021,Iceland,7.557,69178.4047
2020,Iceland,7.554,59023.56635
2019,Iceland,7.504,68452.23622
2018,Iceland,7.494,74452.18907
2017,Iceland,7.495,72010.14903
2016,Iceland,7.504,61987.92636
2015,Iceland,7.501,52951.68151
2014,Iceland,7.561,54576.74481
2012,Iceland,7.355,45995.54788
2011,Iceland,6.888,47714.59223
2024,Philippines,6.107,3984.831539
2023,India,4.054,2530.120313
2022,India,4.036,2347.448294
2021,India,3.777,2239.613844
2020,India,3.819,1907.042516
2019,India,3.573,2041.428637
2018,India,4.015,1966.254552
2017,India,4.19,1950.104683
2016,India,4.315,1707.508929
2015,India,4.404,1583.998159
2014,India,4.565,1553.883961
2012,India,4.772,1429.321995
2011,India,4.975,1445.461275
2023,Indonesia,5.568,4876.307745
2022,Indonesia,5.277,4730.834848
2021,Indonesia,5.24,4287.17314
2020,Indonesia,5.345,3853.702888
2019,Indonesia,5.286,4106.948562
2018,Indonesia,5.192,3860.953531
2017,Indonesia,5.093,3798.883262
2016,Indonesia,5.262,3521.469435
2015,Indonesia,5.314,3288.222697
2014,Indonesia,5.399,3441.068085
2012,Indonesia,5.348,3632.27254
2011,Indonesia,5.159,3579.464425
2024,Bahrain,6.03,30048.21777
2024,Portugal,6.013,28844.49792
2023,Iraq,5.166,5965.318351
2022,Iraq,4.941,6520.731546
2021,Iraq,4.941,4868.494311
2020,Iraq,4.854,4295.189451
2019,Iraq,4.785,5671.856863
2018,Iraq,4.437,5646.689321
2017,Iraq,4.456,4759.284644
2016,Iraq,4.497,4334.420964
2015,Iraq,4.575,4440.141893
2014,Iraq,4.677,6249.39227
2012,Iraq,4.817,6477.596185
2011,Iraq,4.882,5775.542291
2024,Colombia,6.004,7913.988015
2023,Ireland,6.838,103887.8004
2022,Ireland,6.911,105234.5116
2021,Ireland,7.041,103961.9764
2020,Ireland,7.085,86622.50673
2019,Ireland,7.094,81810.19265
2018,Ireland,7.021,80738.96288
2017,Ireland,6.977,72198.1077
2016,Ireland,6.977,64192.94181
2015,Ireland,6.907,64311.82347
2014,Ireland,6.94,57278.25909
2012,Ireland,7.076,49411.73875
2011,Ireland,7.284,52692.78131
2024,Ecuador,5.965,6874.70574
2023,Israel,7.341,52003.72007
2022,Israel,7.473,54949.62156
2021,Israel,7.364,52270.90402
2020,Israel,7.157,44575.5719
2019,Israel,7.129,44250.63136
2018,Israel,7.139,42362.66528
2017,Israel,7.19,41138.47096
2016,Israel,7.213,37671.53891
2015,Israel,7.267,36213.10415
2014,Israel,7.278,38343.30466
2012,Israel,7.301,33321.43009
2011,Israel,7.199,34522.5216
2024,Honduras,5.964,3426.434833
2023,Italy,6.324,39065.42444
2022,Italy,6.405,35653.90421
2021,Italy,6.467,36852.54254
2020,Italy,6.483,32091.48666
2019,Italy,6.387,33812.78872
2018,Italy,6.223,34904.10819
2017,Italy,6.0,32844.11566
2016,Italy,5.964,31391.56929
2015,Italy,5.977,30639.88298
2014,Italy,5.948,36028.3494
2012,Italy,6.021,34854.39494
2011,Italy,6.578,38432.37428
2024,Malaysia,5.955,11867.25864
2023,Jamaica,5.842,6839.725024
2022,Jamaica,5.703,6022.153398
2021,Jamaica,5.85,5165.337821
2020,Jamaica,6.309,4879.440258
2019,Jamaica,5.89,5607.242993
2018,Jamaica,5.89,5578.103475
2017,Jamaica,5.89,5259.313328
2016,Jamaica,5.311,5009.794487
2015,Jamaica,5.51,5062.89555
2014,Jamaica,5.709,4975.113255
2012,Jamaica,5.374,5340.833332
2011,Jamaica,6.208,5232.636449
2024,Peru,5.947,8452.37167
2023,Japan,6.06,33836.17563
2022,Japan,6.129,34065.6439
2021,Japan,6.039,40094.55998
2020,Japan,5.94,40028.73417
2019,Japan,5.871,40415.95676
2018,Japan,5.886,39751.1331
2017,Japan,5.915,38834.05293
2016,Japan,5.92,39375.47316
2015,Japan,5.921,34960.63938
2014,Japan,5.987,38475.39525
2012,Japan,6.064,49145.28043
2011,Japan,6.059,48760.07895
2024,Russian Federation,5.945,14889.01855
2023,Jordan,4.186,4466.083142
2022,Jordan,4.12,4332.251599
2021,Jordan,4.152,4183.499983
2020,Jordan,4.395,4022.040136
2019,Jordan,4.633,4170.1144
2018,Jordan,4.906,4145.439897
2017,Jordan,5.161,4065.616287
2016,Jordan,5.336,3986.71677
2015,Jordan,5.303,4042.756781
2014,Jordan,5.192,4191.180501
2012,Jordan,5.414,4169.504701
2011,Jordan,5.706,3946.855039
2024,Cyprus,5.942,38654.16797
2023,Kazakhstan,6.188,12879.42753
2022,Kazakhstan,6.144,11255.33964
2021,Kazakhstan,6.234,9983.601036
2020,Kazakhstan,6.152,8781.507978
2019,Kazakhstan,6.058,9457.126147
2018,Kazakhstan,5.809,9472.485273
2017,Kazakhstan,5.79,8943.084168
2016,Kazakhstan,5.819,7475.566887
2015,Kazakhstan,5.919,10196.12263
2014,Kazakhstan,5.855,12427.70946
2012,Kazakhstan,5.671,12018.79665
2011,Kazakhstan,5.594,11287.14649
2024,China,5.921,13303.14815
2023,Kenya,4.47,1952.304579
2022,Kenya,4.487,2109.562885
2021,Kenya,4.543,2061.356221
2020,Kenya,4.607,1927.66459
2019,Kenya,4.583,1960.408089
2018,Kenya,4.509,1836.452755
2017,Kenya,4.41,1667.484472
2016,Kenya,4.553,1554.126103
2015,Kenya,4.356,1489.119598
2014,Kenya,4.419,1482.815663
2012,Kenya,4.403,1285.005362
2011,Kenya,4.18,1096.144998
2024,Hungary,5.915,23310.75127
2023,Kosovo,6.561,6221.203652
2022,Kosovo,6.368,5290.947472
2021,Kosovo,6.455,5270.429653
2020,Kosovo,6.372,4310.890655
2019,Kosovo,6.325,4415.997161
2018,Kosovo,6.1,4384.186241
2017,Kosovo,5.662,4009.317993
2016,Kosovo,5.279,3759.449591
2015,Kosovo,5.401,3520.628507
2014,Kosovo,5.589,3902.494244
2012,Kosovo,5.222,3410.655507
2011,Kosovo,5.42,3538.947598
2024,Trinidad and Tobago,5.905,19314.71634
2023,Kuwait,6.951,34075.84904
2021,Kuwait,6.106,34018.63429
2020,Kuwait,6.106,25236.07555
2019,Kuwait,6.102,31707.87375
2018,Kuwait,6.021,32067.96237
2017,Kuwait,6.083,29047.65358
2016,Kuwait,6.105,27323.68906
2015,Kuwait,6.239,29882.21269
2014,Kuwait,6.295,44368.78137
2012,Kuwait,6.515,52155.22255
2011,Kuwait,6.574,49169.6064
2024,Montenegro,5.877,12935.45227
2024,Croatia,5.87,23931.45284
2023,Lao PDR,5.139,2066.949798
2022,Lao PDR,5.111,2046.404403
2021,Lao PDR,5.14,2526.05105
2020,Lao PDR,5.03,2583.777307
2019,Lao PDR,4.889,2589.32081
2018,Lao PDR,4.796,2545.107542
2017,Lao PDR,4.623,2432.430595
2015,Lao PDR,4.876,2121.013391
2014,Lao PDR,4.876,1981.039109
2012,Lao PDR,4.787,1563.565077
2011,Lao PDR,5.161,1361.547044
2024,Jamaica,5.87,7019.746348
2023,Latvia,6.234,22675.57863
2022,Latvia,6.213,20227.23074
2021,Latvia,6.18,20261.88878
2020,Latvia,6.032,17564.23215
2019,Latvia,5.95,17294.97516
2018,Latvia,5.94,17252.17104
2017,Latvia,5.933,15132.49583
2016,Latvia,5.85,13838.52668
2015,Latvia,5.56,13321.97531
2014,Latvia,5.098,15185.81458
2012,Latvia,5.046,13329.34999
2011,Latvia,4.762,12902.57405
2024,Bolivia,5.868,4001.21134
2023,Lebanon,2.707,3477.724898
2022,Lebanon,2.392,3654.358455
2021,Lebanon,2.955,4045.373911
2020,Lebanon,4.584,5561.19167
2019,Lebanon,4.772,8905.880055
2018,Lebanon,5.197,9174.536662
2017,Lebanon,5.199,8608.21085
2016,Lebanon,5.225,8089.012088
2015,Lebanon,5.129,7714.11
2014,Lebanon,4.839,7577.64133
2012,Lebanon,4.931,8406.984056
2011,Lebanon,5.049,7834.962571
2023,Lesotho,3.186,916.2829705
2021,Lesotho,3.512,1066.586436
2020,Lesotho,3.512,918.5825774
2019,Lesotho,3.653,1082.057068
2018,Lesotho,3.802,1170.655697
2017,Lesotho,3.808,1069.366732
2016,Lesotho,3.808,992.4918407
2014,Lesotho,4.898,1173.537793
2012,Lesotho,4.898,1217.930712
2024,Dominican Republic,5.846,10875.66184
2023,Liberia,4.269,799.1944702
2022,Liberia,4.042,744.6171752
2021,Liberia,5.122,667.9661051
2020,Liberia,4.625,616.787867
2019,Liberia,4.558,658.1641808
2018,Liberia,3.975,692.2031271
2017,Liberia,3.495,699.2690957
2016,Liberia,3.533,714.6130631
2015,Liberia,3.622,692.5900824
2014,Liberia,4.571,706.7144901
2012,Liberia,4.196,638.3687515
2011,Liberia,4.04,568.0878655
2024,Mongolia,5.833,6691.482098
2023,Libya,5.866,6172.812469
2021,Libya,5.33,4935.827873
2020,Libya,5.41,6650.338106
2019,Libya,5.489,9963.194891
2018,Libya,5.525,11196.58548
2017,Libya,5.566,9965.832367
2016,Libya,5.525,7525.802993
2015,Libya,5.615,7458.489178
2014,Libya,5.754,8926.420746
2012,Libya,5.34,14975.89028
2011,Libya,5.178,7593.839153
2024,Mauritius,5.832,11871.73368
2023,Lithuania,6.818,27786.00578
2022,Lithuania,6.763,25085.78406
2021,Lithuania,6.446,23870.45949
2020,Lithuania,6.255,20428.64782
2019,Lithuania,6.215,19608.79439
2018,Lithuania,6.149,19247.23154
2017,Lithuania,5.952,16800.15102
2016,Lithuania,5.902,14934.27028
2015,Lithuania,5.813,14269.80399
2014,Lithuania,5.833,16446.16472
2012,Lithuania,5.426,14288.18535
2011,Lithuania,5.588,14261.84338
2024,Libya,5.82,6318.40314
2023,Luxembourg,7.122,131407.6814
2022,Luxembourg,7.228,123719.6589
2021,Luxembourg,7.404,134965.8154
2020,Luxembourg,7.324,116860.0282
2019,Luxembourg,7.238,112696.6491
2018,Luxembourg,7.09,116926.7596
2017,Luxembourg,6.91,110193.2138
2016,Luxembourg,6.863,106899.2935
2015,Luxembourg,6.871,105462.0126
2014,Luxembourg,6.946,123678.7021
2012,Luxembourg,7.054,112584.6763
2011,Luxembourg,7.051,119025.0572
2023,Madagascar,4.228,508.7184277
2022,Madagascar,4.019,503.5145335
2021,Madagascar,4.339,483.4694634
2020,Madagascar,4.208,450.7716152
2019,Madagascar,4.166,499.8188376
2018,Madagascar,3.933,500.4571855
2017,Madagascar,3.774,491.8668487
2016,Madagascar,3.644,453.9707145
2015,Madagascar,3.695,445.3200695
2014,Madagascar,3.681,505.6849225
2012,Madagascar,3.966,493.5111629
2011,Madagascar,4.309,506.1636916
2024,Greece,5.776,24752.10684
2023,Malawi,3.421,602.3436198
2022,Malawi,3.495,604.2697512
2021,Malawi,3.75,617.4475208
2020,Malawi,3.6,602.5074782
2019,Malawi,3.538,580.8898161
2018,Malawi,3.41,533.2031737
2017,Malawi,3.587,495.7696834
2016,Malawi,3.97,450.5061055
2015,Malawi,4.156,539.6053632
2014,Malawi,4.292,529.513344
2012,Malawi,4.113,558.4620883
2011,Malawi,4.624,763.0610004
2023,Malaysia,5.975,11379.08519
2022,Malaysia,6.012,11748.09193
2021,Malaysia,5.711,10903.11164
2020,Malaysia,5.384,9957.526267
2019,Malaysia,5.384,10920.19176
2018,Malaysia,5.339,10901.802
2017,Malaysia,6.322,9862.548066
2016,Malaysia,6.084,9476.534098
2015,Malaysia,6.005,9648.679794
2014,Malaysia,5.77,11013.31073
2012,Malaysia,5.76,10600.57442
2011,Malaysia,5.823,10217.10686
2020,Maldives,5.198,7393.888654
2019,Maldives,5.198,11740.2724
2024,Indonesia,5.617,4925.430488
2023,Mali,4.232,1035.862426
2022,Mali,4.198,969.7222056
2021,Mali,4.479,1027.273454
2020,Mali,4.723,953.2429433
2019,Mali,4.729,971.9493186
2018,Mali,4.39,996.3792921
2017,Mali,4.447,924.0575317
2016,Mali,4.19,872.4685872
2015,Mali,4.073,838.1198694
2014,Mali,3.995,940.24326
2012,Mali,4.247,878.2171753
2011,Mali,3.967,941.5749447
2024,Algeria,5.571,5631.179991
2023,Malta,6.346,40182.43139
2022,Malta,6.3,36224.282
2021,Malta,6.447,38065.35435
2020,Malta,6.602,31833.59638
2019,Malta,6.773,32421.91798
2018,Malta,6.726,33382.26775
2017,Malta,6.627,30317.24434
2016,Malta,6.527,26459.07721
2015,Malta,6.488,25529.68131
2014,Malta,6.302,27424.57654
2012,Malta,5.964,22878.31313
2011,Malta,5.96,23516.96913
2024,Bulgaria,5.554,17412.41151
2023,Mauritania,4.505,2120.823184
2022,Mauritania,4.724,1960.352401
2021,Mauritania,4.153,1947.789184
2020,Mauritania,4.227,1795.764596
2019,Mauritania,4.375,1767.072711
2018,Mauritania,4.49,1722.935289
2017,Mauritania,4.356,1615.004013
2016,Mauritania,4.292,1565.765757
2015,Mauritania,4.201,1554.948979
2014,Mauritania,4.436,1713.008653
2012,Mauritania,4.758,1859.117332
2011,Mauritania,4.643,1931.199755
2024,North Macedonia,5.503,9310.0279
2023,Mauritius,5.816,11182.18657
2022,Mauritius,5.902,10223.78823
2021,Mauritius,6.071,9068.973002
2020,Mauritius,6.049,9011.042884
2019,Mauritius,6.101,11403.25279
2018,Mauritius,5.888,11643.4606
2017,Mauritius,5.891,10841.68478
2016,Mauritius,5.629,9965.725311
2015,Mauritius,5.648,9507.871337
2014,Mauritius,5.477,10366.35508
2012,Mauritius,5.477,9291.236276
2011,Mauritius,5.477,9197.042991
2024,Armenia,5.494,8500.605225
2023,Mexico,6.678,13826.13066
2022,Mexico,6.33,11402.14104
2021,Mexico,6.128,10314.05067
2020,Mexico,6.317,8841.270751
2019,Mexico,6.465,10369.55536
2018,Mexico,6.595,10084.79376
2017,Mexico,6.488,9649.278168
2016,Mexico,6.578,9097.923977
2015,Mexico,6.778,10021.23861
2014,Mexico,7.187,11391.37735
2012,Mexico,7.088,10744.13352
2011,Mexico,6.74,10664.4944
2023,Mongolia,5.696,5838.631081
2022,Mongolia,5.84,4993.514875
2021,Mongolia,5.761,4517.61578
2020,Mongolia,5.677,4001.251931
2019,Mongolia,5.456,4347.546103
2018,Mongolia,5.285,4107.642885
2017,Mongolia,5.125,3645.967087
2016,Mongolia,4.955,3619.900264
2015,Mongolia,4.907,3838.92127
2014,Mongolia,4.874,4126.239758
2012,Mongolia,4.834,4328.890019
2011,Mongolia,4.562,3736.042015
2024,Albania,5.411,10011.62799
2023,Montenegro,5.707,12077.37471
2022,Montenegro,5.722,9990.204446
2021,Montenegro,5.547,9377.488797
2020,Montenegro,5.581,7612.628459
2019,Montenegro,5.546,8842.485287
2018,Montenegro,5.523,8790.881521
2017,Montenegro,5.347,7758.36922
2016,Montenegro,5.237,6999.135813
2015,Montenegro,5.161,6491.192806
2014,Montenegro,5.192,7364.965901
2012,Montenegro,5.299,6577.740332
2011,Montenegro,5.147,7325.646892
2024,Tajikistan,5.411,1341.20229
2023,Morocco,4.795,3771.446289
2022,Morocco,4.903,3455.39624
2021,Morocco,5.06,3785.936279
2020,Morocco,4.918,3268.030273
2019,Morocco,5.095,3508.097656
2018,Morocco,5.208,3501.697998
2017,Morocco,5.254,3296.526611
2016,Morocco,5.235,3140.855469
2015,Morocco,5.151,3146.247803
2014,Morocco,5.013,3435.406982
2012,Morocco,4.885,3164.177246
2011,Morocco,4.793,3301.98877
2024,Georgia,5.4,9193.663664
2023,Mozambique,5.216,622.9856193
2022,Mozambique,4.954,578.2516638
2021,Mozambique,5.048,509.9078295
2020,Mozambique,4.794,462.4338765
2019,Mozambique,4.624,519.0925509
2018,Mozambique,4.466,517.5072603
2017,Mozambique,4.417,470.9385631
2016,Mozambique,4.55,441.4897348
2014,Mozambique,4.971,697.1426804
2012,Mozambique,4.971,685.6857482
2011,Mozambique,4.693,618.1764929
2024,Nepal,5.311,1447.310045
2023,Myanmar,4.354,1233.196662
2022,Myanmar,4.372,1158.05005
2021,Myanmar,4.394,1242.721344
2020,Myanmar,4.426,1490.216835
2019,Myanmar,4.308,1425.989542
2018,Myanmar,4.36,1298.213103
2017,Myanmar,4.308,1272.822418
2016,Myanmar,4.545,1229.197135
2015,Myanmar,4.395,1166.733055
2014,Myanmar,4.307,1293.000423
2012,Myanmar,4.439,1202.665896
2011,Myanmar,5.322,1213.628987
2024,Lao PDR,5.301,2123.979094
2023,Namibia,4.832,4187.605004
2022,Namibia,4.631,4349.799085
2021,Namibia,4.459,4412.835569
2020,Namibia,4.574,3878.58983
2019,Namibia,4.571,4731.921032
2018,Namibia,4.639,5308.608134
2017,Namibia,4.441,5143.960723
2016,Namibia,4.574,4395.687762
2015,Namibia,4.574,4774.106509
2011,Namibia,4.886,5834.791768
2023,Nepal,5.158,1382.330558
2022,Nepal,5.36,1385.910663
2021,Nepal,5.377,1252.750767
2020,Nepal,5.269,1154.215176
2019,Nepal,5.137,1203.142947
2018,Nepal,4.913,1179.198432
2017,Nepal,4.88,1034.283749
2016,Nepal,4.962,877.2564547
2015,Nepal,4.793,875.5436355
2014,Nepal,4.514,821.4552249
2012,Nepal,4.156,788.2029371
2011,Nepal,4.474,785.5186562
2024,South Africa,5.213,6253.371582
2023,Netherlands,7.319,64572.00596
2022,Netherlands,7.403,59123.31856
2021,Netherlands,7.415,60141.98809
2020,Netherlands,7.464,53467.92774
2019,Netherlands,7.449,53554.90075
2018,Netherlands,7.488,53955.077
2017,Netherlands,7.441,49513.68173
2016,Netherlands,7.377,46808.52915
2015,Netherlands,7.339,45793.81354
2014,Netherlands,7.378,53457.22349
2012,Netherlands,7.512,50473.9442
2011,Netherlands,7.512,54701.7728
2024,Mozambique,5.19,647.2857995
2023,New Zealand,7.029,48654.90423
2022,New Zealand,7.123,48760.03819
2021,New Zealand,7.2,49689.49813
2020,New Zealand,7.277,41850.92033
2019,New Zealand,7.3,42779.22982
2018,New Zealand,7.307,43257.07692
2017,New Zealand,7.324,42950.38417
2016,New Zealand,7.314,40113.71954
2015,New Zealand,7.334,38665.3723
2014,New Zealand,7.286,44618.26697
2012,New Zealand,7.221,40053.69915
2011,New Zealand,7.372,38431.77668
2024,Gabon,5.12,8218.763071
2023,Nicaragua,6.284,2609.444921
2022,Nicaragua,6.259,2322.89054
2021,Nicaragua,6.165,2138.385885
2020,Nicaragua,5.972,1938.447048
2019,Nicaragua,6.137,1958.620515
2018,Nicaragua,6.105,2035.165494
2017,Nicaragua,6.141,2182.61381
2016,Nicaragua,6.071,2131.687048
2015,Nicaragua,5.992,2074.456206
2014,Nicaragua,5.828,1958.370476
2012,Nicaragua,5.507,1784.69836
2011,Nicaragua,5.115,1679.711921
2023,Niger,4.556,638.3360807
2022,Niger,4.501,609.7451477
2021,Niger,5.003,608.7224396
2020,Niger,5.074,579.5124958
2019,Niger,4.91,561.6913043
2018,Niger,4.628,578.5680357
2017,Niger,4.166,521.80413
2016,Niger,4.028,502.7064754
2015,Niger,3.856,485.6625742
2014,Niger,3.845,565.3098973
2012,Niger,4.152,528.5101045
2011,Niger,4.122,510.7595618
2023,Nigeria,4.881,1596.636961
2022,Nigeria,4.981,2139.374785
2021,Nigeria,4.552,2017.274865
2020,Nigeria,4.759,2019.657063
2019,Nigeria,4.724,2265.155209
2018,Nigeria,5.265,2057.879446
2017,Nigeria,5.155,1876.340271
2016,Nigeria,5.074,2070.412734
2015,Nigeria,4.875,2585.733607
2014,Nigeria,5.268,3088.721313
2012,Nigeria,5.248,2633.197347
2011,Nigeria,4.856,2418.41317
2023,North Macedonia,5.369,8624.284002
2022,North Macedonia,5.254,7606.237525
2021,North Macedonia,5.199,7620.80297
2020,North Macedonia,5.101,6659.596511
2018,North Macedonia,5.274,6713.989254
2017,North Macedonia,5.185,5955.297386
2016,North Macedonia,5.175,5598.486226
2015,North Macedonia,5.121,5262.686719
2014,North Macedonia,5.007,5925.385922
2012,North Macedonia,4.574,5049.826539
2011,North Macedonia,4.369,5416.866729
2024,Iraq,4.976,6073.610323
2023,Norway,7.302,87497.32893
2022,Norway,7.315,109269.5206
2021,Norway,7.365,93072.89251
2020,Norway,7.392,68340.0181
2019,Norway,7.488,76430.58895
2018,Norway,7.554,82792.84271
2017,Norway,7.594,76131.8384
2016,Norway,7.537,70867.361
2015,Norway,7.498,74809.9658
2014,Norway,7.522,97666.69518
2012,Norway,7.655,102175.9193
2011,Norway,7.524,101221.8135
2024,Guinea,4.929,1717.023181
2014,Oman,6.853,23160.65023
2012,Oman,6.853,24642.29788
2024,Namibia,4.911,4413.127442
2023,Pakistan,4.657,1365.169274
2022,Pakistan,4.555,1538.322813
2021,Pakistan,4.516,1455.319224
2020,Pakistan,4.934,1278.397352
2019,Pakistan,5.693,1390.41691
2018,Pakistan,5.653,1569.338146
2017,Pakistan,5.472,1519.234595
2016,Pakistan,5.269,1424.691612
2015,Pakistan,5.132,1380.470208
2014,Pakistan,5.194,1266.613408
2012,Pakistan,5.292,1204.364755
2011,Pakistan,5.149,1131.735138
2024,Cameroon,4.887,1762.368351
2023,Panama,6.358,18686.4051
2022,Panama,6.265,17332.43607
2021,Panama,6.309,15509.80691
2020,Panama,6.18,13290.56083
2019,Panama,6.305,16477.90663
2018,Panama,6.321,16151.32735
2017,Panama,6.43,15694.62975
2016,Panama,6.452,14832.36116
2015,Panama,6.701,14082.65485
2014,Panama,6.786,13213.19896
2012,Panama,7.143,11064.80636
2011,Panama,6.863,9662.295922
2024,Nigeria,4.885,806.9456951
2023,Paraguay,5.977,6299.990265
2022,Paraguay,5.738,6205.625954
2021,Paraguay,5.578,5976.931798
2020,Paraguay,5.653,5365.472207
2019,Paraguay,5.692,5821.181995
2018,Paraguay,5.743,6258.449916
2017,Paraguay,5.681,6152.267115
2016,Paraguay,5.493,5775.159634
2015,Paraguay,5.538,5879.337923
2014,Paraguay,5.878,6652.254789
2012,Paraguay,5.779,5642.169917
2011,Paraguay,5.398,5805.401545
2024,Azerbaijan,4.875,7283.83563
2023,Peru,5.841,7887.541859
2022,Peru,5.526,7350.630343
2021,Peru,5.559,6826.202556
2020,Peru,5.84,6133.325524
2019,Peru,5.797,7037.008037
2018,Peru,5.697,6978.491215
2017,Peru,5.663,6736.166937
2016,Peru,5.715,6217.036
2015,Peru,5.743,6231.711503
2014,Peru,5.824,6667.134104
2012,Peru,5.776,6519.37853
2011,Peru,5.258,5861.357936
2024,Senegal,4.856,1743.988884
2023,Philippines,6.048,3804.082741
2022,Philippines,5.523,3548.069306
2021,Philippines,5.904,3484.385939
2020,Philippines,5.88,3227.579102
2019,Philippines,6.006,3400.789498
2018,Philippines,5.631,3168.510366
2017,Philippines,5.524,3038.12125
2016,Philippines,5.43,2985.19564
2015,Philippines,5.279,2909.85818
2014,Philippines,5.073,2866.838038
2012,Philippines,4.985,2614.616444
2011,Philippines,4.825,2383.918925
2023,Poland,6.442,22145.26431
2022,Poland,6.26,18891.21353
2021,Poland,6.123,18635.50888
2020,Poland,6.166,16150.9291
2019,Poland,6.186,15874.52205
2018,Poland,6.182,15658.21059
2017,Poland,6.123,13913.34152
2016,Poland,5.973,12464.0121
2015,Poland,5.835,12637.52203
2014,Poland,5.791,14262.28419
2012,Poland,5.822,13087.42094
2011,Poland,5.803,13867.66694
2024,Pakistan,4.768,1484.749859
2023,Portugal,6.03,27386.29206
2022,Portugal,5.968,24620.51956
2021,Portugal,6.016,24711.45101
2020,Portugal,5.929,22299.40441
2019,Portugal,5.911,23343.3629
2018,Portugal,5.693,23541.14011
2017,Portugal,5.41,21442.38428
2016,Portugal,5.195,19980.28089
2015,Portugal,5.123,19215.7813
2014,Portugal,5.102,22120.68501
2012,Portugal,5.101,20593.42742
2011,Portugal,5.327,23246.54254
2018,Qatar,6.374,71039.84906
2017,Qatar,6.374,63279.85569
2016,Qatar,6.375,61253.63755
2015,Qatar,6.375,68985.2947
2014,Qatar,6.611,95840.63101
2012,Qatar,6.666,108470.3788
2011,Qatar,6.569,103261.5065
2024,Niger,4.725,722.7486503
2024,Ukraine,4.68,5389.473145
2024,Morocco,4.622,3993.387451
2023,Romania,6.491,18404.27309
2022,Romania,6.589,15557.88262
2021,Romania,6.477,14986.78549
2020,Romania,6.14,13082.30066
2019,Romania,6.124,12992.03261
2018,Romania,6.07,12502.26241
2017,Romania,5.945,10727.9822
2016,Romania,5.825,9404.540059
2015,Romania,5.528,8977.017482
2014,Romania,5.124,10031.77108
2012,Romania,5.033,8929.953662
2011,Romania,5.178,9560.675528
2024,Tunisia,4.552,4350.371797
2023,Russian Federation,5.785,14159.3877
2022,Russian Federation,5.661,15619.61426
2021,Russian Federation,5.459,12425.0293
2020,Russian Federation,5.477,10108.32715
2019,Russian Federation,5.546,11447.70117
2018,Russian Federation,5.648,11211.8877
2017,Russian Federation,5.81,10658.91309
2016,Russian Federation,5.963,8663.158203
2015,Russian Federation,5.856,9277.713867
2014,Russian Federation,5.716,14055.47266
2012,Russian Federation,5.464,15401.85156
2011,Russian Federation,5.284,14305.33203
2021,Rwanda,3.268,829.5448456
2020,Rwanda,3.415,778.7014988
2019,Rwanda,3.312,810.0514121
2018,Rwanda,3.334,771.7735111
2017,Rwanda,3.408,758.3009667
2016,Rwanda,3.471,729.519134
2015,Rwanda,3.515,733.9986304
2014,Rwanda,3.465,724.9575261
2012,Rwanda,3.715,706.8172687
2011,Rwanda,4.204,651.133678
2024,Mauritania,4.542,2082.783744
2023,Saudi Arabia,6.594,36156.84834
2022,Saudi Arabia,6.463,38510.22762
2021,Saudi Arabia,6.523,31920.76537
2020,Saudi Arabia,6.494,24338.83073
2019,Saudi Arabia,6.406,29566.79338
2018,Saudi Arabia,6.375,29360.0659
2017,Saudi Arabia,6.371,23929.29071
2016,Saudi Arabia,6.344,22267.72171
2015,Saudi Arabia,6.379,23256.15496
2014,Saudi Arabia,6.411,27805.48503
2012,Saudi Arabia,6.48,28733.43755
2011,Saudi Arabia,6.597,27126.74987
2024,Kenya,4.51,2206.134979
2023,Senegal,4.969,1698.033873
2022,Senegal,4.855,1574.028106
2021,Senegal,5.046,1598.10677
2020,Senegal,5.132,1461.087204
2019,Senegal,4.981,1431.181289
2018,Senegal,4.681,1452.556126
2017,Senegal,4.631,1356.805184
2016,Senegal,4.535,1266.439572
2015,Senegal,4.219,1218.006136
2014,Senegal,3.904,1398.891376
2012,Senegal,3.959,1326.837988
2011,Senegal,4.414,1374.675919
2024,Uganda,4.461,1072.713698
2023,Serbia,6.411,12281.50585
2022,Serbia,6.144,10022.96885
2021,Serbia,6.178,9680.527981
2020,Serbia,6.078,8098.709557
2019,Serbia,5.778,7755.632986
2018,Serbia,5.603,7559.861657
2017,Serbia,5.398,6548.036538
2016,Serbia,5.395,5982.370301
2015,Serbia,5.177,5820.321558
2014,Serbia,5.123,6886.678091
2012,Serbia,4.813,6263.040861
2011,Serbia,4.564,7082.286167
2023,Sierra Leone,3.245,757.8486806
2022,Sierra Leone,3.138,860.7745909
2021,Sierra Leone,3.574,886.1929391
2020,Sierra Leone,3.849,845.9829143
2019,Sierra Leone,3.926,844.0495552
2018,Sierra Leone,4.374,845.9145405
2017,Sierra Leone,4.571,779.1860078
2016,Sierra Leone,4.709,844.4164112
2015,Sierra Leone,4.635,964.5759809
2014,Sierra Leone,4.507,1117.758647
2012,Sierra Leone,4.318,937.5044282
2011,Sierra Leone,3.586,761.1463656
2024,India,4.389,2696.6639
2023,Singapore,6.523,85412.23035
2022,Singapore,6.587,90299.06946
2021,Singapore,6.48,80056.12882
2020,Singapore,6.377,61410.07926
2019,Singapore,6.377,65952.0379
2018,Singapore,6.262,66881.6067
2017,Singapore,6.343,61236.25127
2016,Singapore,6.572,57005.58872
2015,Singapore,6.739,55645.60686
2014,Singapore,6.798,57564.80231
2012,Singapore,6.546,55547.55531
2011,Singapore,6.549,53891.45703
2024,Chad,4.384,1016.088807
2024,Burkina Faso,4.383,987.3213781
2023,Slovenia,6.743,32610.11092
2022,Slovenia,6.65,28373.83823
2021,Slovenia,6.63,29187.36938
2020,Slovenia,6.461,25392.06511
2019,Slovenia,6.363,25814.16872
2018,Slovenia,6.118,25888.04811
2017,Slovenia,5.948,23303.07771
2016,Slovenia,5.758,21447.83778
2015,Slovenia,5.768,20697.27485
2014,Slovenia,5.848,24013.06821
2012,Slovenia,6.06,22442.14179
2011,Slovenia,5.922,24940.62848
2024,Benin,4.357,1485.38019
2018,Somalia,4.668,509.5258019
2017,Somalia,4.982,510.9399523
2016,Somalia,5.151,460.9284906
2015,Somalia,5.44,445.5830801
2024,Somalia,4.347,636.9834776
2023,South Africa,5.422,6022.542542
2022,South Africa,5.275,6523.410978
2021,South Africa,5.194,6843.399419
2020,South Africa,4.956,5580.603831
2019,South Africa,4.814,6533.71121
2018,South Africa,4.722,6914.178032
2017,South Africa,4.724,6618.335083
2016,South Africa,4.829,5651.205852
2015,South Africa,4.459,6112.273825
2014,South Africa,4.642,6856.731371
2012,South Africa,4.963,8076.976785
2011,South Africa,5.101,8646.055711
2015,South Sudan,3.832,1080.147186
2024,Mali,4.345,1086.176218
2023,Spain,6.421,33509.0128
2022,Spain,6.436,30270.2687
2021,Spain,6.476,30799.47759
2020,Spain,6.491,27233.94265
2019,Spain,6.401,29786.52457
2018,Spain,6.354,30602.42129
2017,Spain,6.31,28381.34256
2016,Spain,6.403,26755.60611
2015,Spain,6.361,25982.44162
2014,Spain,6.329,29707.76551
2012,Spain,6.322,28456.44382
2011,Spain,6.761,31824.62191
2024,Cambodia,4.341,2627.879697
2023,Sri Lanka,3.898,3798.890166
2022,Sri Lanka,4.442,3342.636503
2021,Sri Lanka,4.362,3996.9624
2020,Sri Lanka,4.325,3847.601377
2019,Sri Lanka,4.327,4081.947727
2018,Sri Lanka,4.366,4358.560959
2017,Sri Lanka,4.471,4398.888281
2016,Sri Lanka,4.44,4149.191908
2015,Sri Lanka,4.415,4057.715835
2014,Sri Lanka,4.271,3971.919131
2012,Sri Lanka,4.151,3327.776124
2011,Sri Lanka,4.26,3224.957363
2024,Ghana,4.34,2405.794664
2017,Sudan,4.139,966.5056763
2016,Sudan,4.139,1033.215942
2015,Sudan,4.139,1292.379639
2014,Sudan,4.55,1275.438354
2012,Sudan,4.401,1019.222107
2011,Sudan,4.424,1332.657227
2015,Suriname,6.269,8813.617054
2014,Suriname,6.269,9108.189054
2012,Suriname,6.269,8851.240507
2024,Myanmar,4.321,1359.259614
2023,Sweden,7.344,55567.08901
2022,Sweden,7.395,55296.93715
2021,Sweden,7.384,61174.96802
2020,Sweden,7.363,52653.75659
2019,Sweden,7.353,51773.04646
2018,Sweden,7.343,54181.90698
2017,Sweden,7.314,53300.85873
2016,Sweden,7.284,51820.39725
2015,Sweden,7.291,51197.95293
2014,Sweden,7.364,59583.714
2012,Sweden,7.48,57749.82513
2011,Sweden,7.379,60379.77482
2024,Togo,4.315,1043.140929
2023,Switzerland,7.06,100631.8028
2022,Switzerland,7.24,94394.51068
2021,Switzerland,7.512,93664.77367
2020,Switzerland,7.571,85897.78433
2019,Switzerland,7.56,84121.93103
2018,Switzerland,7.48,85217.36915
2017,Switzerland,7.487,82254.37705
2016,Switzerland,7.494,82153.07454
2015,Switzerland,7.509,83806.4476
2014,Switzerland,7.587,88724.99107
2012,Switzerland,7.65,85836.20768
2011,Switzerland,7.499,90476.75897
2024,Jordan,4.31,4618.095925
2024,Liberia,4.277,846.2773684
2023,Tajikistan,5.281,1178.479901
2022,Tajikistan,5.33,1052.179495
2021,Tajikistan,5.377,896.7480534
2020,Tajikistan,5.466,834.3117155
2019,Tajikistan,5.556,871.0223729
2018,Tajikistan,5.467,834.2884046
2017,Tajikistan,5.352,829.4571476
2016,Tajikistan,5.041,788.7104817
2015,Tajikistan,4.996,956.9163109
2014,Tajikistan,4.786,1081.544029
2012,Tajikistan,4.38,952.4528197
2011,Tajikistan,4.614,833.6019782
2024,Madagascar,4.157,544.9973027
2023,Tanzania,3.781,1224.489624
2022,Tanzania,3.694,1207.853027
2021,Tanzania,3.702,1159.856567
2020,Tanzania,3.623,1117.415283
2019,Tanzania,3.476,1063.32251
2018,Tanzania,3.231,1023.106262
2017,Tanzania,3.303,986.6740112
2016,Tanzania,3.349,953.0107422
2015,Tanzania,3.666,939.1273193
2014,Tanzania,3.781,1022.748413
2012,Tanzania,3.77,861.9699097
2011,Tanzania,3.8,775.3927612
2024,Zambia,3.912,1235.084665
2023,Thailand,5.976,7195.101309
2022,Thailand,5.843,6909.352818
2021,Thailand,5.891,7057.207548
2020,Thailand,5.985,6985.643939
2019,Thailand,5.999,7605.696578
2018,Thailand,6.008,7099.776501
2017,Thailand,6.072,6413.091825
2016,Thailand,6.424,5833.577156
2015,Thailand,6.474,5688.853354
2014,Thailand,6.455,5801.197892
2012,Thailand,6.371,5725.528028
2011,Thailand,5.804,5373.623283
2023,Togo,4.214,985.6975126
2022,Togo,4.137,898.7581544
2021,Togo,4.112,939.6133738
2020,Togo,4.107,853.5782203
2019,Togo,4.187,826.2606541
2018,Togo,4.085,851.1308069
2017,Togo,3.999,792.7654872
2016,Togo,3.495,772.5817871
2015,Togo,3.303,751.0524051
2014,Togo,2.839,855.5852849
2012,Togo,2.936,762.3920476
2011,Togo,3.007,783.9893805
2024,Sri Lanka,3.891,4515.567873
2019,Trinidad and Tobago,6.192,17293.47301
2018,Trinidad and Tobago,6.192,17575.80428
2017,Trinidad and Tobago,6.192,17578.64178
2016,Trinidad and Tobago,6.168,17449.16235
2015,Trinidad and Tobago,6.168,19887.23374
2014,Trinidad and Tobago,6.168,21908.30178
2012,Trinidad and Tobago,6.519,20332.13895
2011,Trinidad and Tobago,6.263,19151.08702
2024,Bangladesh,3.851,2593.416074
2023,Tunisia,4.422,3950.375342
2022,Tunisia,4.497,3708.848124
2021,Tunisia,4.516,3906.939263
2020,Tunisia,4.596,3548.653637
2019,Tunisia,4.392,3528.872133
2018,Tunisia,4.461,3628.103665
2017,Tunisia,4.592,3619.032473
2016,Tunisia,4.805,3847.803544
2015,Tunisia,5.045,4014.947737
2014,Tunisia,4.739,4458.978955
2012,Tunisia,4.826,4297.267825
2011,Tunisia,5.141,4420.647722
2021,Turkmenistan,5.474,7051.202111
2020,Turkmenistan,5.066,6592.60146
2019,Turkmenistan,5.119,6648.034896
2018,Turkmenistan,5.247,6125.051697
2017,Turkmenistan,5.636,5828.481662
2016,Turkmenistan,5.822,5686.98041
2015,Turkmenistan,5.658,5759.497904
2014,Turkmenistan,5.548,7164.145362
2012,Turkmenistan,5.628,6053.874847
2011,Turkmenistan,6.568,5143.619293
2024,Tanzania,3.8,1185.745483
2023,Uganda,4.372,1002.309139
2022,Uganda,4.432,963.0673142
2021,Uganda,4.603,882.7917174
2020,Uganda,4.636,845.7664639
2019,Uganda,4.432,822.1711501
2018,Uganda,4.189,792.1657002
2017,Uganda,4.161,765.2183323
2016,Uganda,4.081,752.6965717
2015,Uganda,3.739,862.9346104
2014,Uganda,3.931,896.0547955
2012,Uganda,4.443,795.2228676
2011,Uganda,4.313,835.6200606
2024,Eswatini,3.774,3936.109692
2023,Ukraine,4.873,5139.598145
2022,Ukraine,5.071,4199.670898
2021,Ukraine,5.084,4775.945801
2020,Ukraine,4.875,3709.769287
2019,Ukraine,4.561,3619.861572
2018,Ukraine,4.332,3059.051758
2017,Ukraine,4.103,2604.287598
2016,Ukraine,4.096,2158.461182
2015,Ukraine,4.324,2094.473877
2014,Ukraine,4.681,3054.908203
2012,Ukraine,5.057,3951.342285
2011,Ukraine,5.089,3656.697998
2024,Lesotho,3.757,971.8146205
2023,United Arab Emirates,6.733,49040.69475
2022,United Arab Emirates,6.571,49899.0653
2021,United Arab Emirates,6.576,43360.0211
2020,United Arab Emirates,6.561,37173.87541
2019,United Arab Emirates,6.791,44251.45414
2018,United Arab Emirates,6.825,45689.857
2017,United Arab Emirates,6.774,42340.59172
2016,United Arab Emirates,6.648,41326.40182
2015,United Arab Emirates,6.573,43534.99727
2014,United Arab Emirates,6.901,51381.40699
2012,United Arab Emirates,7.144,52034.47625
2011,United Arab Emirates,6.977,50789.05054
2024,Comoros,3.754,1784.115469
2023,United Kingdom,6.749,49200.81015
2022,United Kingdom,6.796,46062.99141
2021,United Kingdom,6.943,46926.47574
2020,United Kingdom,7.064,40404.80622
2019,United Kingdom,7.165,42794.00226
2018,United Kingdom,7.054,43315.48745
2017,United Kingdom,6.814,40629.23403
2016,United Kingdom,6.714,40988.10442
2015,United Kingdom,6.725,44983.88552
2014,United Kingdom,6.867,47426.62098
2012,United Kingdom,6.883,42490.14655
2011,United Kingdom,6.936,42109.64188
2023,United States,6.725,82304.62043
2022,United States,6.894,77860.91129
2021,United States,6.977,71307.40173
2020,United States,6.951,64401.50744
2019,United States,6.94,65227.95659
2018,United States,6.892,62875.66614
2017,United States,6.886,60047.71907
2016,United States,6.993,57976.6282
2015,United States,7.104,56849.46979
2014,United States,7.119,55153.39402
2012,United States,7.082,51708.39406
2011,United States,7.27,50024.88123
2023,Uruguay,6.611,23019.42216
2022,Uruguay,6.494,20818.61461
2021,Uruguay,6.474,17881.81872
2020,Uruguay,6.431,15757.5356
2019,Uruguay,6.44,18315.7317
2018,Uruguay,6.293,19249.94047
2017,Uruguay,6.379,19184.65026
2016,Uruguay,6.454,17009.75842
2015,Uruguay,6.545,17125.90168
2014,Uruguay,6.485,18322.42768
2012,Uruguay,6.355,16259.59408
2011,Uruguay,5.898,15132.26757
2024,Botswana,3.438,7695.242064
2023,Uzbekistan,6.195,2878.968793
2022,Uzbekistan,6.014,2578.666894
2021,Uzbekistan,6.063,2258.519641
2020,Uzbekistan,6.179,1978.280519
2019,Uzbekistan,6.258,2041.384807
2018,Uzbekistan,6.174,1813.085308
2017,Uzbekistan,6.096,2190.604116
2016,Uzbekistan,5.971,2753.379514
2015,Uzbekistan,5.987,2803.19018
2014,Uzbekistan,6.003,2674.962838
2012,Uzbekistan,5.623,2307.346491
2011,Uzbekistan,5.225,2087.863861
2024,Zimbabwe,3.396,2656.409377
2024,Malawi,3.26,508.3712735
2023,Viet Nam,6.043,4323.35032
2022,Viet Nam,5.763,4147.697772
2021,Viet Nam,5.485,3704.193559
2020,Viet Nam,5.411,3534.039535
2019,Viet Nam,5.353,3440.900254
2018,Viet Nam,5.175,3222.310031
2017,Viet Nam,5.103,2956.109921
2016,Viet Nam,5.074,2735.060438
2015,Viet Nam,5.061,2577.568853
2014,Viet Nam,5.36,2546.384645
2012,Viet Nam,5.533,2185.117677
2011,Viet Nam,5.425,1950.925042
2024,Sierra Leone,2.998,873.3885752
2023,Zambia,3.502,1330.727806
2022,Zambia,3.982,1447.123101
2021,Zambia,3.76,1127.160779
2020,Zambia,4.073,951.6443167
2019,Zambia,3.759,1258.986198
2018,Zambia,4.107,1463.899979
2017,Zambia,4.377,1483.465773
2016,Zambia,4.514,1239.085279
2015,Zambia,4.795,1295.877887
2014,Zambia,5.129,1707.485731
2012,Zambia,5.006,1710.050613
2011,Zambia,4.705,1624.868178
2023,Zimbabwe,3.341,2156.034093
2022,Zimbabwe,3.204,2040.546587
2021,Zimbabwe,2.995,1724.387271
2020,Zimbabwe,3.145,1730.45391
2019,Zimbabwe,3.299,1683.913136
2018,Zimbabwe,3.663,2271.852504
2017,Zimbabwe,3.692,3448.086991
2016,Zimbabwe,3.875,1407.420964
2015,Zimbabwe,4.193,1386.418559
2014,Zimbabwe,4.61,1372.214746
2012,Zimbabwe,4.827,1238.594795
2011,Zimbabwe,3.978,1037.246137
